# 新HSK教程1 – 词语表 (trang sách 122–128). cột: từ, pinyin, bài, siêu cương(*)
爱	ài	15	
八	bā	4	
爸爸	bàba	4	
吧	ba	7	
白天	báitiān	9	
百	bǎi	4	
半	bàn	7	
包子	bāozi	6	
杯	bēi	13	
杯子	bēizi	10	
本	běn	9	
边	bian/biān	9	
病	bìng	12	
病人	bìngrén	8	*
不客气	bú kèqi	1	
不要	búyào	14	
不	bù	2	
菜	cài	5,7	
茶	chá	13	
唱	chàng	9	
超市	chāoshì	6	
电视	diànshì	9	
电影	diànyǐng	7	
电影院	diànyǐngyuàn	7	
店	diàn	7	
东西	dōngxi	6	
都	dōu	14	
读	dú	11	
读书	dúshū	9	
对	duì	3,11	
对不起	duìbuqǐ	2	
多	duō	4,8	
多少	duōshao	4	
儿子	érzi	4	
二	èr	4	
车	chē	11	
吃	chī	6	
出租车	chūzūchē	6	
穿	chuān	10	
打电话	dǎ diànhuà	13	
大	dà	4,8	
大家	dàjiā	1	
大学	dàxué	11	
大学生	dàxuéshēng	11	
到	dào	8	
的	de	3	
弟弟	dìdi	11	
第	dì	9	
点	diǎn	7	
电话	diànhuà	6	
电脑	diànnǎo	5	
饭	fàn	8	
饭店	fàndiàn	11	
房间	fángjiān	8	
飞机	fēijī	15	
非常	fēicháng	6	
分	fēn	7	
分钟	fēnzhōng	7	
服务员	fúwùyuán	13	*
高兴	gāoxìng	2	
哥哥	gēge	4	
歌	gē	9	
个	gè	4	
给	gěi	13	
工作	gōngzuò	3,8	
公司	gōngsī	12	
狗	gǒu	9	
贵	guì	10	
国	guó	3	
还	hái	3	
孩子	háizi	4	
好	hǎo	1	
好吃	hǎochī	6	
好看	hǎokàn	5	
好听	hǎotīng	9	
好玩儿	hǎowánr	15	
号	hào	5,6	
喝	hē	12	
和	hé	4,9	
很	hěn	2	
后	hòu	7	
回	huí	12	
会	huì	5	
火车	huǒchē	14	
机场	jīchǎng	15	*
鸡蛋	jīdàn	13	
几	jǐ	4,15	
家	jiā	4,7,9	
家人	jiārén	15	
见	jiàn	7	
件	jiàn	10	
饺子	jiǎozi	5	
叫	jiào	2	
接	jiē	15	*
姐姐	jiějie	3	
斤	jīn	10	*
今年	jīnnián	4	
今天	jīntiān	5	
九	jiǔ	4	
觉得	juéde	12	
开	kāi	14	
开车	kāichē	11	
看	kàn	7	
看病	kànbìng	12	
看见	kànjiàn	8	
可以	kěyǐ	13	
课	kè	7	
口	kǒu	4	
块	kuài	10	
来	lái	12	
老师	lǎoshī	1	
了	le	12,14	
冷	lěng	12	
里	li/lǐ	7	
两	liǎng	4	
零	líng	4	
六	liù	4	
妈妈	māma	4	
吗	ma	3	
买	mǎi	6	
卖	mài	13	
忙	máng	3	
猫	māo	8	
没	méi	8	
没关系	méi guānxi	2	
没事	méishì	2	
没有	méiyǒu	4	
妹妹	mèimei	4	
们	men	1	
米饭	mǐfàn	6	
面包	miànbāo	13	
面条儿	miàntiáor	5	
名字	míngzi	2	
明年	míngnián	14	
明天	míngtiān	6	
哪	nǎ	3	
哪个	nǎge	15	
哪里	nǎlǐ	11	
哪儿	nǎr	6	
哪些	nǎxiē	14	
那	nà	9,15	
那边	nàbiān	6	
那个	nàge	9	
那里	nàlǐ	11	
那儿	nàr	10	
那些	nàxiē	10	
男	nán	10	
男朋友	nánpéngyou	15	
呢	ne	4,7	
能	néng	8	
你	nǐ	2	
你好	nǐ hǎo	1	
你们	nǐmen	1	
年	nián	15	
您	nín	1	
牛奶	niúnǎi	6	
女	nǚ	10	
女儿	nǚ'ér	4	
女朋友	nǚpéngyou	3	
女士	nǚshì	13	
朋友	péngyou	9	
便宜	piányi	10	
漂亮	piàoliang	8	
苹果	píngguǒ	10	
七	qī	4	
起床	qǐchuáng	11	
千	qiān	4	
前	qián	8	
前边	qiánbian	9	
钱	qián	10	
请	qǐng	13	
请问	qǐngwèn	2	
去	qù	6	
去年	qùnián	15	
热	rè	12	
人	rén	3	
认识	rènshi	2	
日	rì	5	
三	sān	4	
商店	shāngdiàn	10	
上	shang/shàng	9,14	
上班	shàngbān	7	
上课	shàngkè	7	
上午	shàngwǔ	7	
上学	shàngxué	14	
少	shǎo	10	
谁	shéi/shuí	3	
什么	shénme	2	
生病	shēngbìng	12	
十	shí	4	
时候	shíhou	11	
时间	shíjiān	15	
事	shì	7	
是	shì	2	
手机	shǒujī	6	
售货员	shòuhuòyuán	10	*
书	shū	9	
书店	shūdiàn	8	
水	shuǐ	12	
水果	shuǐguǒ	10	
睡	shuì	11	
睡觉	shuìjiào	11	
说	shuō	11	
说话	shuōhuà	14	
四	sì	4	
岁	suì	4	
他	tā	4	
他们	tāmen	14	
它	tā	5	
它们	tāmen	14	
她	tā	3	
她们	tāmen	14	
太	tài	3	
天	tiān	12	
天气	tiānqì	12	
听	tīng	14	
听见	tīngjiàn	14	
同学	tóngxué	1	
外	wài	8	
外边	wàibian	9	
玩	wán	9	
晚	wǎn	14	
晚饭	wǎnfàn	6	
晚上	wǎnshang	7	
喂	wèi	3	
问	wèn	11	
问题	wèntí	13	
我	wǒ	2	
我们	wǒmen	3	
五	wǔ	4	
午饭	wǔfàn	8	
喜欢	xǐhuan	5	
下	xià	8,12	
下班	xiàbān	5	
下课	xiàkè	7	
下午	xiàwǔ	7	
下雨	xià yǔ	12	
先生	xiānsheng	13	
现在	xiànzài	7	
想	xiǎng	3,6	
小	xiǎo	8	
小朋友	xiǎopéngyǒu	11	
小时	xiǎoshí	15	
小学	xiǎoxué	14	
小学生	xiǎoxuéshēng	14	
些	xiē	6	
写	xiě	14	
谢谢	xièxie	1	
新	xīn	5	
星期	xīngqī	5	
星期日	Xīngqīrì	5	
星期天	Xīngqītiān	5	
休息	xiūxi	5	
学	xué	11	
学生	xuéshēng	1	
学习	xuéxí	9	
学校	xuéxiào	8	
雪	xuě	12	
药	yào	12	*
要	yào	11,13,15	
也	yě	2	
一	yī	4	
一半	yíbàn	13	
一下	yíxià	13	
一点儿	yìdiǎnr	12	
一些	yìxiē	5	
衣服	yīfu	10	
医	yī	11	*
医生	yīshēng	8	
医院	yīyuàn	7	
椅子	yǐzi	9	
有	yǒu	4	
有的	yǒude	14	
有点儿	yǒudiǎnr	12	
有些	yǒuxiē	14	
雨	yǔ	12	
元	yuán	10	
月	yuè	5	
再	zài	12,13	
再见	zàijiàn	1	
在	zài	7,8,11	
早	zǎo	15	
早饭	zǎofàn	13	
早上	zǎoshang	7	
怎么	zěnme	6	
怎么样	zěnmeyàng	10	
找	zhǎo	11	
这	zhè	3	
这边	zhèbiān	10	
这个	zhège	13	
这里	zhèlǐ	12	
这儿	zhèr	10	
这些	zhèxiē	10	
真	zhēn	5	
正在	zhèngzài	11	
只	zhī	8	
知道	zhīdào	11	
中午	zhōngwǔ	14	
中学	zhōngxué	14	
中学生	zhōngxuéshēng	14	
住	zhù	15	
桌子	zhuōzi	8	
字	zì	14	
昨天	zuótiān	11	
坐	zuò	6,13	
做	zuò	5,9	
做饭	zuò fàn	5	
